mouse,day,n,shanks,MEC,VIS,SUB,CB
20,14,317,4,317,0,0,0
20,15,141,4,141,0,0,0
20,16,285,4,285,0,0,0
20,17,254,4,254,0,0,0
20,18,296,4,296,0,0,0
20,19,213,4,213,0,0,0
20,20,176,1,159,17,0,0
20,21,139,1,138,1,0,0
20,22,109,1,98,11,0,0
20,23,134,1,126,8,0,0
20,24,75,1,75,0,0,0
20,25,65,1,55,10,0,0
20,26,121,1,115,6,0,0
21,15,347,4,314,0,0,0
21,16,391,4,391,0,0,0
21,17,403,4,369,0,0,0
21,18,302,4,252,0,0,0
21,19,541,1,301,171,0,0
21,20,463,1,284,130,0,0
21,21,446,1,278,101,0,0
21,22,215,4,193,0,0,0
21,23,418,1,226,145,0,0
21,24,298,1,182,73,0,0
21,25,236,1,107,112,0,0
21,26,268,1,185,58,0,0
22,33,198,1,0,38,149,0
22,34,0,0,0,0,0,0
22,35,209,1,0,45,150,0
22,36,156,1,0,30,100,0
22,37,0,0,0,0,0,0
22,38,207,4,0,0,207,0
22,39,380,4,0,353,0,0
22,40,486,4,0,445,0,0
22,41,306,4,0,285,0,0
25,16,165,4,144,0,0,0
25,17,117,4,117,0,0,0
25,18,262,4,243,0,19,0
25,19,173,1,150,10,12,0
25,20,150,1,71,15,56,0
25,21,136,1,67,11,54,0
25,22,225,1,208,11,6,0
25,23,267,1,257,10,0,0
25,24,148,1,73,10,60,0
25,25,231,4,74,79,76,0
26,11,200,1,157,42,0,0
26,12,165,1,111,39,0,0
26,13,172,4,138,0,0,30
26,14,65,1,0,15,23,19
26,15,178,4,103,41,34,0
26,16,95,4,0,95,0,0
26,17,124,1,0,49,30,26
26,18,184,1,117,57,0,0
26,19,413,4,295,72,46,0
27,16,248,4,0,0,0,184
27,17,116,4,0,0,0,80
27,18,171,4,129,0,5,23
27,19,195,4,171,0,4,7
27,20,137,1,0,22,44,59
27,21,182,1,0,1,34,55
27,22,176,1,0,2,31,52
27,23,224,1,133,39,0,39
27,24,290,1,195,52,0,29
27,26,143,1,0,29,44,60
28,16,153,4,146,0,6,0
28,17,158,4,100,33,25,0
28,18,239,4,0,238,0,0
28,19,178,1,131,30,0,0
28,20,259,1,136,118,0,0
28,21,55,1,28,24,2,0
28,22,76,1,0,27,41,0
28,23,212,4,177,0,35,0
28,25,284,4,182,32,70,0
29,16,94,4,86,0,0,0
29,17,225,4,221,0,3,0
29,18,225,4,84,73,48,0
29,19,183,1,150,33,0,0
29,20,354,1,299,52,0,0
29,21,281,1,157,70,44,0
29,22,199,1,0,49,95,0
29,23,354,4,343,0,11,0
29,25,409,4,277,32,100,0
