mouse,day,n_cells,n_trials,pc1_var,z,p,pc1_var_rz1,z_rz1,pc1_var_rz2,z_rz2,pc1_var_rz1_b,pc1_var_rz1_nb,pc1_var_rz2_b,pc1_var_rz2_nb,day_rank
M22,42,190,229,0.058412980346264985,2.67513493125676,0.012,0.08255368694057237,1.6158605225849059,0.08521547735004197,4.180517434981963,0.09445632113890721,0.09225147016988341,0.0997518510352696,0.09490246974244171,1
M22,43,178,208,0.06488755156038112,2.5950784368138713,0.01,0.08977679947157699,5.871535182460194,0.09345637409716485,2.876588906761417,0.10910432026631658,0.09623998345218528,0.10372820435498371,0.11822692201129066,2
M22,45,209,228,0.0724549750002962,5.5626794158649515,0.000999000999000999,0.09975558749296148,6.513655984348551,0.08182295857376552,3.158670471565834,0.11518681235022392,0.10930347580558357,0.08944793553673107,0.09218703334018709,3
M22,46,173,239,0.057978308124900894,3.4186856367032767,0.004,0.09746817903426559,6.923348284241869,0.08766067033605984,8.891336636722315,0.11000664838607381,0.1057426588951006,0.10685913538430011,0.09881740044728936,4
M25,26,228,187,0.13718410871518333,37.40756151734353,0.000999000999000999,0.1485400132318313,25.837384071512428,0.1937089986934254,9.233620014630436,0.16861451160959323,0.14791094679340572,0.20860360306823783,0.20233336435656996,1
M25,27,244,236,0.06862792443982436,4.5767763409474345,0.001,0.08395492828754283,2.602877869458548,0.09943566695773323,6.784747032030283,0.09727372263442316,0.0917949288325094,0.12587940010403612,0.11572655408363275,2
M25,28,295,204,0.0996886759569066,12.497045324383485,0.000999000999000999,0.1429922665406564,18.913688746794335,0.14505826996671978,17.261343554769287,0.14891555285640393,0.16100034305955946,0.14617898668583765,0.16239240165031,3
M25,29,146,205,0.07006540941180286,2.7672111118931864,0.013,0.11246712427135597,7.4407684448621465,0.10394012851793685,3.8430344999580277,0.12167250838070373,0.1209157480684054,0.10765532133152705,0.11576776287173635,4
M25,30,320,197,0.13039575864745467,6.710547914356644,0.000999000999000999,0.18440233971421915,19.130875089581334,0.16151272520651982,9.298030633015886,0.19129588088465158,0.19204894222456034,0.16541767619697037,0.1755952377920525,5
M25,31,126,236,0.08935109728314752,7.594047081308962,0.000999000999000999,0.10564077229647263,3.431589087003744,0.11331999899360759,7.541341293409302,0.12382498786596419,0.12746255428244993,0.1306987114057122,0.12048787674945634,6
M26,20,315,268,0.08100121920812785,22.096186938515068,0.000999000999000999,0.12604885779069297,37.524606439952066,0.09797593825593026,13.044163594891456,0.14827231336195854,0.12090403921322018,0.10335091405100885,0.1169666732813991,1
M26,21,393,271,0.0896443739927002,11.834033546355496,0.000999000999000999,0.11265020380284954,11.231936406305438,0.10427162334606885,8.917104638056095,0.12803080945714032,0.11836434757433595,0.11197940084853979,0.1260444994234842,2
M26,22,388,239,0.09532717228737435,8.247080904248673,0.000999000999000999,0.1264936137186552,6.642966808840116,0.12784392270629666,23.174469043204265,0.12945330960393847,0.13813165700182184,0.12629109956743073,0.1447492533218145,3
M26,23,191,162,0.1008263838977138,9.27785970075391,0.000999000999000999,0.148546568170608,15.722863211212807,0.12256832285298351,6.1002066622769044,0.16038505880693235,0.1691245007960033,0.12458731567763785,0.14810384466655274,4
M26,24,249,229,0.09771331362588395,9.216480172035103,0.000999000999000999,0.15003579103389206,17.14986409748756,0.11547725525760011,3.2604016228696806,0.15329542156238304,0.16410219796563655,0.12386570884090427,0.12566815636976184,5
M27,25,163,339,0.04637880900736201,2.3401766180817836,0.019,0.0642980090472059,1.3530619949978882,0.05292118312838635,1.3993899572834276,0.0723340670715794,0.06857373836368369,0.050595266463854434,0.07015935593324682,1
M27,27,193,314,0.04385050590418715,1.818927809875218,0.046,0.05668682299426578,1.9442674787648928,0.054254686638845966,0.9195750438340766,0.0720686536865661,0.065942698202302,0.0645411012941198,0.06922098422724324,2
M27,28,179,312,0.03938933975651458,0.8174643271308326,0.198,0.06132826933463526,2.774671168662516,0.05209750112586553,0.8137748803559396,0.07052039799027504,0.06728915692434934,0.06699297369087318,0.06267693672924048,3
M27,29,114,323,0.08663230401189928,5.302444286563242,0.000999000999000999,0.09512995182337564,4.397451516399183,0.12108923581804883,3.3925171287558853,0.10768475346213967,0.0976722362877391,0.12147799696006262,0.135983203145108,4
M27,30,164,249,0.05635805703502755,2.630612638541019,0.007,0.0758615590431525,5.767214761433567,0.07410346366241388,0.6728813793285064,0.10662834289046157,0.07830825566648175,0.11364210400358739,0.07787532207036611,5
M28,24,172,122,0.12012444050590641,2.776805584274107,0.009,0.18649417054796846,12.262526271921498,0.15736015326813577,1.1545748281320516,0.21833181512163452,0.19448826768964975,0.1929811415401112,0.19490630550043797,1
M28,26,220,141,0.1346198624052216,17.5004108870441,0.000999000999000999,0.16348929211051372,13.031008431653369,0.2178316470164316,23.443453060574164,0.18142103705029294,0.16769275922335178,0.24521585565167067,0.21155906772884908,2
M28,27,243,121,0.12445247602018526,12.670115141198156,0.000999000999000999,0.16064969221256772,8.334434214445947,0.17332950758057963,11.888241459426869,0.16521855967105045,0.18248920475402602,0.20475977139774063,0.1804919115674233,3
M28,28,254,121,0.12364606586949044,13.47521758836489,0.000999000999000999,0.15839338116342577,10.075375062028488,0.17782495513095753,13.601923929109395,0.17522692883527366,0.18962529812293413,0.17543249721417736,0.2226569637669119,4
M28,29,281,141,0.12885080963376988,13.46411849021249,0.000999000999000999,0.14864287945002613,9.33275927764183,0.1901804585519764,16.932502014605557,0.15066294646847825,0.16974267816429914,0.1952245517789478,0.20542642506117095,5
M29,24,258,140,0.16334388787700177,43.93227292211628,0.000999000999000999,0.20614152432526006,44.30918596271459,0.3121401383161353,7.1291845860735465,0.23914366595231865,0.20751177193273349,0.3221466823248953,0.3330526269740179,1
M29,26,282,154,0.1417445346673925,9.76212466814677,0.000999000999000999,0.1902404931284535,23.26810721266419,0.21453103648856406,32.068601752878465,0.20183913971734013,0.19475893944085818,0.22492173874241972,0.22426945153112152,2
M29,27,285,161,0.12403292910903277,13.655024530001386,0.000999000999000999,0.1671826056009356,12.584391946576835,0.1858911482837197,23.25250443045853,0.17529521487108343,0.17833354331446458,0.19446633509663253,0.20119965033623796,3
M29,28,304,121,0.10687602917031772,9.395348181338523,0.000999000999000999,0.16183376060743365,11.311908800359255,0.17178874620789744,17.50033936681852,0.17440959681210622,0.18787310690224704,0.168500888186954,0.21761478433932685,4
M29,29,288,201,0.13216213293530904,38.296249871082665,0.000999000999000999,0.1893948481746094,29.979573214769076,0.215047349185412,63.75382046323941,0.19194877661758286,0.20086433228452782,0.21254998447836063,0.23336778711820225,5
