mouse,day,context,type,n_trials,hit_rate,reward_rate,day_rank
M22,42,rz1,b,61,0.8360655737704918,0.8360655737704918,1
M22,42,rz1,nb,59,0.6101694915254238,0.6101694915254238,1
M22,42,rz2,b,53,0.9622641509433962,0.9622641509433962,1
M22,42,rz2,nb,56,0.6785714285714286,0.6785714285714286,1
M22,43,rz1,b,47,0.9787234042553191,0.9787234042553191,2
M22,43,rz1,nb,61,0.9016393442622951,0.9180327868852459,2
M22,43,rz2,b,56,0.9821428571428571,0.9821428571428571,2
M22,43,rz2,nb,44,1.0,1.0,2
M22,44,rz1,b,58,1.0,1.0,3
M22,44,rz1,nb,45,0.5777777777777777,0.5777777777777777,3
M22,44,rz2,b,60,0.9833333333333333,1.0,3
M22,44,rz2,nb,60,0.75,0.75,3
M22,45,rz1,b,60,0.7666666666666667,0.7666666666666667,4
M22,45,rz1,nb,48,0.8333333333333334,0.8333333333333334,4
M22,45,rz2,b,62,0.7903225806451613,0.8064516129032258,4
M22,45,rz2,nb,58,0.7413793103448276,0.7413793103448276,4
M22,46,rz1,b,51,0.8627450980392157,0.8627450980392157,5
M22,46,rz1,nb,68,0.7647058823529411,0.7647058823529411,5
M22,46,rz2,b,64,0.875,0.875,5
M22,46,rz2,nb,56,0.8928571428571429,0.8928571428571429,5
M25,26,rz1,b,45,0.8888888888888888,0.9555555555555556,1
M25,26,rz1,nb,42,0.9761904761904762,0.9761904761904762,1
M25,26,rz2,b,50,0.94,0.96,1
M25,26,rz2,nb,50,0.82,0.86,1
M25,27,rz1,b,50,0.94,0.94,2
M25,27,rz1,nb,70,0.45714285714285713,0.45714285714285713,2
M25,27,rz2,b,61,0.9836065573770492,0.9836065573770492,2
M25,27,rz2,nb,55,0.3090909090909091,0.32727272727272727,2
M25,28,rz1,b,56,1.0,1.0,3
M25,28,rz1,nb,48,0.6875,0.6875,3
M25,28,rz2,b,51,1.0,1.0,3
M25,28,rz2,nb,49,0.6530612244897959,0.6530612244897959,3
M25,29,rz1,b,52,1.0,1.0,4
M25,29,rz1,nb,53,0.9245283018867925,0.9245283018867925,4
M25,29,rz2,b,55,0.9818181818181818,1.0,4
M25,29,rz2,nb,45,0.8444444444444444,0.8666666666666667,4
M25,30,rz1,b,49,0.9795918367346939,0.9795918367346939,5
M25,30,rz1,nb,48,0.75,0.7708333333333334,5
M25,30,rz2,b,55,0.8909090909090909,0.9454545454545454,5
M25,30,rz2,nb,45,0.7777777777777778,0.7777777777777778,5
M25,31,rz1,b,65,0.9846153846153847,0.9846153846153847,6
M25,31,rz1,nb,51,0.35294117647058826,0.35294117647058826,6
M25,31,rz2,b,54,0.8888888888888888,0.8888888888888888,6
M25,31,rz2,nb,66,0.2878787878787879,0.2878787878787879,6
M26,20,rz1,b,67,0.7014925373134329,0.7164179104477612,1
M26,20,rz1,nb,61,0.47540983606557374,0.47540983606557374,1
M26,20,rz2,b,66,0.7878787878787878,0.7878787878787878,1
M26,20,rz2,nb,74,0.35135135135135137,0.35135135135135137,1
M26,21,rz1,b,56,0.75,0.75,2
M26,21,rz1,nb,75,0.5066666666666667,0.5066666666666667,2
M26,21,rz2,b,76,0.8289473684210527,0.8289473684210527,2
M26,21,rz2,nb,64,0.34375,0.34375,2
M26,22,rz1,b,65,0.6923076923076923,0.6923076923076923,3
M26,22,rz1,nb,54,0.5185185185185185,0.5185185185185185,3
M26,22,rz2,b,60,0.8,0.8166666666666667,3
M26,22,rz2,nb,60,0.3333333333333333,0.35,3
M26,23,rz1,b,47,0.9361702127659575,0.9574468085106383,4
M26,23,rz1,nb,35,0.6285714285714286,0.6571428571428571,4
M26,23,rz2,b,44,0.9545454545454546,1.0,4
M26,23,rz2,nb,36,0.4444444444444444,0.4444444444444444,4
M26,24,rz1,b,56,0.9642857142857143,0.9642857142857143,5
M26,24,rz1,nb,53,0.6037735849056604,0.6037735849056604,5
M26,24,rz2,b,64,0.984375,0.984375,5
M26,24,rz2,nb,56,0.5357142857142857,0.5357142857142857,5
M27,25,rz1,b,88,0.6363636363636364,0.6363636363636364,1
M27,25,rz1,nb,75,0.29333333333333333,0.29333333333333333,1
M27,25,rz2,b,94,0.3829787234042553,0.3829787234042553,1
M27,25,rz2,nb,82,0.10975609756097561,0.10975609756097561,1
M27,27,rz1,b,66,0.5606060606060606,0.5606060606060606,2
M27,27,rz1,nb,88,0.10227272727272728,0.10227272727272728,2
M27,27,rz2,b,85,0.5411764705882353,0.5411764705882353,2
M27,27,rz2,nb,75,0.12,0.12,2
M27,28,rz1,b,84,0.9761904761904762,0.9880952380952381,3
M27,28,rz1,nb,68,0.23529411764705882,0.23529411764705882,3
M27,28,rz2,b,86,0.6395348837209303,0.6395348837209303,3
M27,28,rz2,nb,74,0.22972972972972974,0.22972972972972974,3
M27,29,rz1,b,81,1.0,1.0,4
M27,29,rz1,nb,82,0.25609756097560976,0.25609756097560976,4
M27,29,rz2,b,86,0.8255813953488372,0.8255813953488372,4
M27,29,rz2,nb,74,0.14864864864864866,0.14864864864864866,4
M27,30,rz1,b,20,1.0,1.0,5
M27,30,rz1,nb,109,0.3302752293577982,0.3302752293577982,5
M27,30,rz2,b,18,0.9444444444444444,0.9444444444444444,5
M27,30,rz2,nb,102,0.08823529411764706,0.08823529411764706,5
M28,24,rz1,b,29,0.896551724137931,0.896551724137931,1
M28,24,rz1,nb,33,0.8484848484848485,0.8787878787878788,1
M28,24,rz2,b,29,0.7586206896551724,0.9310344827586207,1
M28,24,rz2,nb,31,0.8064516129032258,0.8387096774193549,1
M28,26,rz1,b,38,0.8157894736842105,0.9210526315789473,2
M28,26,rz1,nb,42,0.5476190476190477,0.5714285714285714,2
M28,26,rz2,b,40,0.975,1.0,2
M28,26,rz2,nb,21,0.8095238095238095,0.8095238095238095,2
M28,27,rz1,b,36,0.7777777777777778,0.9166666666666666,3
M28,27,rz1,nb,25,0.4,0.56,3
M28,27,rz2,b,28,0.9642857142857143,1.0,3
M28,27,rz2,nb,32,0.5625,0.6875,3
M28,28,rz1,b,35,0.6857142857142857,0.8857142857142857,4
M28,28,rz1,nb,26,0.6153846153846154,0.8076923076923077,4
M28,28,rz2,b,33,0.6363636363636364,0.8484848484848485,4
M28,28,rz2,nb,27,0.48148148148148145,0.7777777777777778,4
M28,29,rz1,b,39,0.7435897435897436,0.8974358974358975,5
M28,29,rz1,nb,41,0.4878048780487805,0.6097560975609756,5
M28,29,rz2,b,35,0.7714285714285715,0.8571428571428571,5
M28,29,rz2,nb,26,0.5,0.6923076923076923,5
M29,24,rz1,b,37,0.9459459459459459,0.972972972972973,1
M29,24,rz1,nb,43,0.7906976744186046,0.9069767441860465,1
M29,24,rz2,b,29,1.0,1.0,1
M29,24,rz2,nb,31,1.0,1.0,1
M29,26,rz1,b,38,0.9210526315789473,0.9473684210526315,2
M29,26,rz1,nb,42,0.8095238095238095,0.8333333333333334,2
M29,26,rz2,b,46,0.9347826086956522,0.9565217391304348,2
M29,26,rz2,nb,28,0.8571428571428571,0.8928571428571429,2
M29,27,rz1,b,47,0.7872340425531915,0.851063829787234,3
M29,27,rz1,nb,34,0.4411764705882353,0.47058823529411764,3
M29,27,rz2,b,40,0.775,0.95,3
M29,27,rz2,nb,40,0.65,0.7,3
M29,28,rz1,b,35,0.9142857142857143,0.9428571428571428,4
M29,28,rz1,nb,26,0.5384615384615384,0.5769230769230769,4
M29,28,rz2,b,33,0.8484848484848485,1.0,4
M29,28,rz2,nb,27,0.6296296296296297,0.7037037037037037,4
M29,29,rz1,b,50,0.84,0.9,5
M29,29,rz1,nb,51,0.8627450980392157,0.8627450980392157,5
M29,29,rz2,b,55,0.9818181818181818,1.0,5
M29,29,rz2,nb,45,0.8888888888888888,0.9333333333333333,5
