mouse,day,context,n_trials,hit_rate,reward_rate,day_rank
M22,42,rz1,120,0.725,0.725,1
M22,42,rz2,109,0.8165137614678899,0.8165137614678899,1
M22,43,rz1,108,0.9351851851851852,0.9444444444444444,2
M22,43,rz2,100,0.99,0.99,2
M22,44,rz1,103,0.8155339805825242,0.8155339805825242,3
M22,44,rz2,120,0.8666666666666667,0.875,3
M22,45,rz1,108,0.7962962962962963,0.7962962962962963,4
M22,45,rz2,120,0.7666666666666667,0.775,4
M22,46,rz1,119,0.8067226890756303,0.8067226890756303,5
M22,46,rz2,120,0.8833333333333333,0.8833333333333333,5
M25,26,rz1,87,0.9310344827586207,0.9655172413793104,1
M25,26,rz2,100,0.88,0.91,1
M25,27,rz1,120,0.6583333333333333,0.6583333333333333,2
M25,27,rz2,116,0.6637931034482759,0.6724137931034483,2
M25,28,rz1,104,0.8557692307692307,0.8557692307692307,3
M25,28,rz2,100,0.83,0.83,3
M25,29,rz1,105,0.9619047619047619,0.9619047619047619,4
M25,29,rz2,100,0.92,0.94,4
M25,30,rz1,97,0.865979381443299,0.8762886597938144,5
M25,30,rz2,100,0.84,0.87,5
M25,31,rz1,116,0.7068965517241379,0.7068965517241379,6
M25,31,rz2,120,0.5583333333333333,0.5583333333333333,6
M26,20,rz1,128,0.59375,0.6015625,1
M26,20,rz2,140,0.5571428571428572,0.5571428571428572,1
M26,21,rz1,131,0.6106870229007634,0.6106870229007634,2
M26,21,rz2,140,0.6071428571428571,0.6071428571428571,2
M26,22,rz1,119,0.6134453781512605,0.6134453781512605,3
M26,22,rz2,120,0.5666666666666667,0.5833333333333334,3
M26,23,rz1,82,0.8048780487804879,0.8292682926829268,4
M26,23,rz2,80,0.725,0.75,4
M26,24,rz1,109,0.7889908256880734,0.7889908256880734,5
M26,24,rz2,120,0.775,0.775,5
M27,25,rz1,163,0.4785276073619632,0.4785276073619632,1
M27,25,rz2,176,0.2556818181818182,0.2556818181818182,1
M27,27,rz1,154,0.2987012987012987,0.2987012987012987,2
M27,27,rz2,160,0.34375,0.34375,2
M27,28,rz1,152,0.6447368421052632,0.6513157894736842,3
M27,28,rz2,160,0.45,0.45,3
M27,29,rz1,163,0.6257668711656442,0.6257668711656442,4
M27,29,rz2,160,0.5125,0.5125,4
M27,30,rz1,129,0.43410852713178294,0.43410852713178294,5
M27,30,rz2,120,0.21666666666666667,0.21666666666666667,5
M28,24,rz1,62,0.8709677419354839,0.8870967741935484,1
M28,24,rz2,60,0.7833333333333333,0.8833333333333333,1
M28,26,rz1,80,0.675,0.7375,2
M28,26,rz2,61,0.9180327868852459,0.9344262295081968,2
M28,27,rz1,61,0.6229508196721312,0.7704918032786885,3
M28,27,rz2,60,0.75,0.8333333333333334,3
M28,28,rz1,61,0.6557377049180327,0.8524590163934426,4
M28,28,rz2,60,0.5666666666666667,0.8166666666666667,4
M28,29,rz1,80,0.6125,0.75,5
M28,29,rz2,61,0.6557377049180327,0.7868852459016393,5
M29,24,rz1,80,0.8625,0.9375,1
M29,24,rz2,60,1.0,1.0,1
M29,26,rz1,80,0.8625,0.8875,2
M29,26,rz2,74,0.9054054054054054,0.9324324324324325,2
M29,27,rz1,81,0.6419753086419753,0.691358024691358,3
M29,27,rz2,80,0.7125,0.825,3
M29,28,rz1,61,0.7540983606557377,0.7868852459016393,4
M29,28,rz2,60,0.75,0.8666666666666667,4
M29,29,rz1,101,0.8514851485148515,0.8811881188118812,5
M29,29,rz2,100,0.94,0.97,5
