mouse,day,n_cells,n_rz1,n_rz2,err_within,err_cross,err_shuffle,gen_index,fold
M22,42,190,120,109,25.45808040702026,38.379671481722255,57.28636630467901,0.5940217730778744,1.5075634481513682
M22,43,178,108,100,20.42287934218865,33.56650573296253,57.348021437303274,0.6440466943385751,1.6435736200831574
M22,45,209,108,120,12.896996481759842,30.09788954710757,57.016261276842805,0.6101273866362174,2.333713092786748
M22,46,173,119,120,17.75888567772732,35.68253835812544,56.82413157013491,0.5411867435888424,2.009278003454769
M25,26,228,87,100,8.595362198268187,34.48338612815403,57.87403818053523,0.474660724667163,4.011859574120311
M25,27,244,120,116,18.373347284242953,26.28464024464739,59.593223100783064,0.8080709171561863,1.4305852841082034
M25,28,295,104,100,8.751758505777914,26.10740750930995,57.52044796087176,0.6441231208496366,2.9831041946682864
M25,29,146,105,100,13.73251467896634,30.953794936924794,58.403173777038184,0.6144834079982986,2.2540514727674568
M25,30,320,97,100,7.272440365786522,28.865751017212645,60.10770645596051,0.5913087555086256,3.9691973485286574
M25,31,126,116,120,15.264842335825861,32.52130493144128,56.85168597610533,0.5850499560658783,2.1304710665183433
M26,20,315,128,140,6.5862714248663465,20.646325317553263,56.37171175953792,0.7175870335147921,3.1347516653509664
M26,21,393,131,140,6.527346736362858,22.542522057488704,56.109689354875584,0.6769984136419926,3.4535505723800046
M26,22,388,119,120,5.682441867125718,28.568302785578936,57.02492797012369,0.5542510179085995,5.02746943190979
M26,23,191,82,80,10.728102954776972,25.001169204711914,59.40569989199643,0.7067836715862695,2.3304371061781692
M26,24,249,109,120,5.420470844666127,28.641321182250977,58.61808258444974,0.5634982553132318,5.283917578937763
M27,25,163,163,176,38.07735783353081,51.09959262530003,57.600280289262514,0.3329771799638509,1.3419941806020448
M27,27,193,154,160,61.5362945669484,49.185691700038966,58.15524744434848,-2.652892852144639,0.7992956359523306
M27,28,179,152,160,38.409822790067494,43.60448389420698,57.44412673965252,0.7270895159655819,1.1352430375045308
M27,29,114,163,160,9.485149896902016,21.188128013803436,56.680338630869564,0.7520302719230679,2.2338211039473164
M27,30,164,129,120,41.2716229860722,47.755314059126924,56.93467069049457,0.586051757269175,1.157098039862468
M28,24,172,62,60,7.346702979436714,24.126035690307617,57.596329796968746,0.6660804512678169,3.2839269203935353
M28,26,220,80,61,8.664737409896428,19.47218894958496,60.791392051858665,0.7926693816451349,2.247291294407238
M28,27,243,61,60,15.988802416580953,23.206274032592745,61.99902503536591,0.8431333037483488,1.4514078933470977
M28,28,254,61,60,8.562914234987225,23.473656904630843,56.62757242879824,0.6897774117207063,2.741316362684072
M28,29,281,80,61,10.98955545530842,26.78666753813163,59.74598445000246,0.6759994033906309,2.4374659782250374
M29,24,258,80,60,6.221860425050544,23.234954389054145,58.65509695755593,0.6755284417078368,3.734406238928993
M29,26,282,80,74,5.404315087781724,27.6366421645858,57.214562738850006,0.5708893880119165,5.1138103007849685
M29,27,285,81,80,7.246766142419773,29.947510142421464,54.936247164431315,0.5239884453864376,4.132534368277775
M29,28,304,61,60,7.015473881682681,27.341204726821275,58.143427601381596,0.6024536605440682,3.897271258925051
M29,29,288,101,100,5.121401518954716,21.281538678228102,58.80246263873808,0.6989601766028092,4.155413044547167
