mouse,day,context,type,block_within_context,n_trials,hit_rate,day_rank
M22,42,rz1,b,0,8,0.625,1
M22,42,rz1,nb,0,12,0.75,1
M22,42,rz2,b,0,7,0.8571428571428571,1
M22,42,rz2,nb,0,13,0.6923076923076923,1
M22,42,rz1,b,1,11,0.8181818181818182,1
M22,42,rz1,nb,1,9,0.5555555555555556,1
M22,42,rz2,b,1,8,1.0,1
M22,42,rz2,nb,1,12,0.75,1
M22,42,rz1,b,2,8,0.875,1
M22,42,rz1,nb,2,12,0.6666666666666666,1
M22,42,rz2,b,2,14,1.0,1
M22,42,rz2,nb,2,6,0.8333333333333334,1
M22,42,rz1,b,3,10,1.0,1
M22,42,rz1,nb,3,10,0.8,1
M22,42,rz2,b,3,12,0.9166666666666666,1
M22,42,rz2,nb,3,8,0.875,1
M22,42,rz1,b,4,13,0.9230769230769231,1
M22,42,rz1,nb,4,7,0.5714285714285714,1
M22,42,rz2,b,4,9,1.0,1
M22,42,rz2,nb,4,11,0.5454545454545454,1
M22,42,rz1,b,5,11,0.7272727272727273,1
M22,42,rz1,nb,5,9,0.2222222222222222,1
M22,42,rz2,b,5,3,1.0,1
M22,42,rz2,nb,5,6,0.3333333333333333,1
M22,43,rz1,b,0,10,1.0,2
M22,43,rz1,nb,0,10,0.9,2
M22,43,rz2,b,0,11,1.0,2
M22,43,rz2,nb,0,9,1.0,2
M22,43,rz1,b,1,10,1.0,2
M22,43,rz1,nb,1,10,1.0,2
M22,43,rz2,b,1,16,1.0,2
M22,43,rz2,nb,1,4,1.0,2
M22,43,rz1,b,2,10,1.0,2
M22,43,rz1,nb,2,10,0.8,2
M22,43,rz2,b,2,12,0.9166666666666666,2
M22,43,rz2,nb,2,8,1.0,2
M22,43,rz1,b,3,8,0.875,2
M22,43,rz1,nb,3,12,1.0,2
M22,43,rz2,b,3,10,1.0,2
M22,43,rz2,nb,3,10,1.0,2
M22,43,rz1,b,4,6,1.0,2
M22,43,rz1,nb,4,14,0.8571428571428571,2
M22,43,rz2,b,4,7,1.0,2
M22,43,rz2,nb,4,13,1.0,2
M22,43,rz1,b,5,3,1.0,2
M22,43,rz1,nb,5,5,0.8,2
M22,44,rz1,b,0,12,1.0,3
M22,44,rz1,nb,0,8,0.875,3
M22,44,rz2,b,0,9,1.0,3
M22,44,rz2,nb,0,11,0.8181818181818182,3
M22,44,rz1,b,1,10,1.0,3
M22,44,rz1,nb,1,10,0.6,3
M22,44,rz2,b,1,8,1.0,3
M22,44,rz2,nb,1,12,1.0,3
M22,44,rz1,b,2,11,1.0,3
M22,44,rz1,nb,2,9,0.6666666666666666,3
M22,44,rz2,b,2,11,1.0,3
M22,44,rz2,nb,2,9,0.7777777777777778,3
M22,44,rz1,b,3,13,1.0,3
M22,44,rz1,nb,3,7,0.8571428571428571,3
M22,44,rz2,b,3,12,1.0,3
M22,44,rz2,nb,3,8,0.875,3
M22,44,rz1,b,4,11,1.0,3
M22,44,rz1,nb,4,9,0.1111111111111111,3
M22,44,rz2,b,4,10,1.0,3
M22,44,rz2,nb,4,10,0.4,3
M22,44,rz1,b,5,1,1.0,3
M22,44,rz1,nb,5,2,0.0,3
M22,44,rz2,b,5,10,0.9,3
M22,44,rz2,nb,5,10,0.6,3
M22,45,rz1,b,0,2,0.5,4
M22,45,rz1,nb,0,2,0.5,4
M22,45,rz2,b,0,12,0.8333333333333334,4
M22,45,rz2,nb,0,8,0.75,4
M22,45,rz1,b,1,9,0.8888888888888888,4
M22,45,rz1,nb,1,11,1.0,4
M22,45,rz2,b,1,8,1.0,4
M22,45,rz2,nb,1,12,0.6666666666666666,4
M22,45,rz1,b,2,14,0.7142857142857143,4
M22,45,rz1,nb,2,6,0.6666666666666666,4
M22,45,rz2,b,2,13,0.6923076923076923,4
M22,45,rz2,nb,2,7,0.8571428571428571,4
M22,45,rz1,b,3,12,0.75,4
M22,45,rz1,nb,3,8,0.875,4
M22,45,rz2,b,3,11,0.9090909090909091,4
M22,45,rz2,nb,3,9,0.6666666666666666,4
M22,45,rz1,b,4,8,1.0,4
M22,45,rz1,nb,4,12,0.75,4
M22,45,rz2,b,4,7,0.7142857142857143,4
M22,45,rz2,nb,4,13,0.7692307692307693,4
M22,45,rz1,b,5,11,0.7272727272727273,4
M22,45,rz1,nb,5,9,0.8888888888888888,4
M22,45,rz2,b,5,11,0.6363636363636364,4
M22,45,rz2,nb,5,9,0.7777777777777778,4
M22,45,rz1,b,6,4,0.5,4
M22,46,rz1,b,0,5,0.8,5
M22,46,rz1,nb,0,4,0.25,5
M22,46,rz2,b,0,11,0.8181818181818182,5
M22,46,rz2,nb,0,9,0.6666666666666666,5
M22,46,rz1,b,1,10,0.9,5
M22,46,rz1,nb,1,10,0.8,5
M22,46,rz2,b,1,16,0.9375,5
M22,46,rz2,nb,1,4,1.0,5
M22,46,rz1,b,2,10,0.9,5
M22,46,rz1,nb,2,10,0.9,5
M22,46,rz2,b,2,12,1.0,5
M22,46,rz2,nb,2,8,1.0,5
M22,46,rz1,b,3,8,0.875,5
M22,46,rz1,nb,3,12,0.75,5
M22,46,rz2,b,3,10,0.8,5
M22,46,rz2,nb,3,10,0.9,5
M22,46,rz1,b,4,6,1.0,5
M22,46,rz1,nb,4,14,0.8571428571428571,5
M22,46,rz2,b,4,7,1.0,5
M22,46,rz2,nb,4,13,0.9230769230769231,5
M22,46,rz1,b,5,6,1.0,5
M22,46,rz1,nb,5,14,0.7857142857142857,5
M22,46,rz2,b,5,8,0.625,5
M22,46,rz2,nb,5,12,0.9166666666666666,5
M22,46,rz1,b,6,6,0.5,5
M22,46,rz1,nb,6,4,0.5,5
M25,26,rz1,b,0,1,0.0,1
M25,26,rz1,nb,0,4,0.75,1
M25,26,rz2,b,0,7,0.8571428571428571,1
M25,26,rz2,nb,0,13,0.7692307692307693,1
M25,26,rz1,b,1,11,1.0,1
M25,26,rz1,nb,1,9,1.0,1
M25,26,rz2,b,1,8,1.0,1
M25,26,rz2,nb,1,12,1.0,1
M25,26,rz1,b,2,8,0.875,1
M25,26,rz1,nb,2,12,1.0,1
M25,26,rz2,b,2,14,0.8571428571428571,1
M25,26,rz2,nb,2,6,0.8333333333333334,1
M25,26,rz1,b,3,10,1.0,1
M25,26,rz1,nb,3,10,1.0,1
M25,26,rz2,b,3,12,1.0,1
M25,26,rz2,nb,3,8,0.75,1
M25,26,rz1,b,4,13,0.8461538461538461,1
M25,26,rz1,nb,4,7,1.0,1
M25,26,rz2,b,4,9,1.0,1
M25,26,rz2,nb,4,11,0.7272727272727273,1
M25,26,rz1,b,5,2,0.5,1
M25,27,rz1,b,0,10,1.0,2
M25,27,rz1,nb,0,10,0.8,2
M25,27,rz2,b,0,11,1.0,2
M25,27,rz2,nb,0,9,0.6666666666666666,2
M25,27,rz1,b,1,10,1.0,2
M25,27,rz1,nb,1,10,1.0,2
M25,27,rz2,b,1,16,1.0,2
M25,27,rz2,nb,1,4,1.0,2
M25,27,rz1,b,2,10,1.0,2
M25,27,rz1,nb,2,10,0.5,2
M25,27,rz2,b,2,12,1.0,2
M25,27,rz2,nb,2,8,0.25,2
M25,27,rz1,b,3,8,0.875,2
M25,27,rz1,nb,3,12,0.5,2
M25,27,rz2,b,3,10,1.0,2
M25,27,rz2,nb,3,10,0.1,2
M25,27,rz1,b,4,6,0.8333333333333334,2
M25,27,rz1,nb,4,14,0.07142857142857142,2
M25,27,rz2,b,4,7,1.0,2
M25,27,rz2,nb,4,13,0.23076923076923078,2
M25,27,rz1,b,5,6,0.8333333333333334,2
M25,27,rz1,nb,5,14,0.14285714285714285,2
M25,27,rz2,b,5,5,0.8,2
M25,27,rz2,nb,5,11,0.09090909090909091,2
M25,28,rz1,b,0,11,1.0,3
M25,28,rz1,nb,0,9,0.7777777777777778,3
M25,28,rz2,b,0,12,1.0,3
M25,28,rz2,nb,0,8,0.75,3
M25,28,rz1,b,1,9,1.0,3
M25,28,rz1,nb,1,11,0.9090909090909091,3
M25,28,rz2,b,1,8,1.0,3
M25,28,rz2,nb,1,12,1.0,3
M25,28,rz1,b,2,14,1.0,3
M25,28,rz1,nb,2,6,0.3333333333333333,3
M25,28,rz2,b,2,13,1.0,3
M25,28,rz2,nb,2,7,0.5714285714285714,3
M25,28,rz1,b,3,12,1.0,3
M25,28,rz1,nb,3,8,0.875,3
M25,28,rz2,b,3,11,1.0,3
M25,28,rz2,nb,3,9,1.0,3
M25,28,rz1,b,4,8,1.0,3
M25,28,rz1,nb,4,12,0.5833333333333334,3
M25,28,rz2,b,4,7,1.0,3
M25,28,rz2,nb,4,13,0.07692307692307693,3
M25,28,rz1,b,5,2,1.0,3
M25,28,rz1,nb,5,2,0.0,3
M25,29,rz1,b,0,9,1.0,4
M25,29,rz1,nb,0,11,0.9090909090909091,4
M25,29,rz2,b,0,12,1.0,4
M25,29,rz2,nb,0,8,1.0,4
M25,29,rz1,b,1,10,1.0,4
M25,29,rz1,nb,1,10,1.0,4
M25,29,rz2,b,1,11,0.9090909090909091,4
M25,29,rz2,nb,1,9,1.0,4
M25,29,rz1,b,2,9,1.0,4
M25,29,rz1,nb,2,11,1.0,4
M25,29,rz2,b,2,11,1.0,4
M25,29,rz2,nb,2,9,1.0,4
M25,29,rz1,b,3,11,1.0,4
M25,29,rz1,nb,3,9,1.0,4
M25,29,rz2,b,3,11,1.0,4
M25,29,rz2,nb,3,9,1.0,4
M25,29,rz1,b,4,10,1.0,4
M25,29,rz1,nb,4,10,0.9,4
M25,29,rz2,b,4,10,1.0,4
M25,29,rz2,nb,4,10,0.3,4
M25,29,rz1,b,5,3,1.0,4
M25,29,rz1,nb,5,2,0.0,4
M25,30,rz1,b,0,3,1.0,5
M25,30,rz1,nb,0,4,0.5,5
M25,30,rz2,b,0,12,0.9166666666666666,5
M25,30,rz2,nb,0,8,0.375,5
M25,30,rz1,b,1,10,1.0,5
M25,30,rz1,nb,1,10,0.8,5
M25,30,rz2,b,1,11,1.0,5
M25,30,rz2,nb,1,9,1.0,5
M25,30,rz1,b,2,9,1.0,5
M25,30,rz1,nb,2,11,1.0,5
M25,30,rz2,b,2,11,1.0,5
M25,30,rz2,nb,2,9,1.0,5
M25,30,rz1,b,3,11,1.0,5
M25,30,rz1,nb,3,9,0.8888888888888888,5
M25,30,rz2,b,3,11,0.8181818181818182,5
M25,30,rz2,nb,3,9,0.6666666666666666,5
M25,30,rz1,b,4,10,1.0,5
M25,30,rz1,nb,4,10,0.7,5
M25,30,rz2,b,4,10,0.7,5
M25,30,rz2,nb,4,10,0.8,5
M25,30,rz1,b,5,6,0.8333333333333334,5
M25,30,rz1,nb,5,4,0.0,5
M25,31,rz1,b,0,5,0.8,6
M25,31,rz1,nb,0,5,0.4,6
M25,31,rz2,b,0,8,0.875,6
M25,31,rz2,nb,0,12,0.16666666666666666,6
M25,31,rz1,b,1,13,1.0,6
M25,31,rz1,nb,1,7,1.0,6
M25,31,rz2,b,1,6,0.6666666666666666,6
M25,31,rz2,nb,1,14,0.14285714285714285,6
M25,31,rz1,b,2,13,1.0,6
M25,31,rz1,nb,2,7,0.7142857142857143,6
M25,31,rz2,b,2,10,1.0,6
M25,31,rz2,nb,2,10,1.0,6
M25,31,rz1,b,3,8,1.0,6
M25,31,rz1,nb,3,12,0.3333333333333333,6
M25,31,rz2,b,3,11,0.9090909090909091,6
M25,31,rz2,nb,3,9,0.4444444444444444,6
M25,31,rz1,b,4,8,1.0,6
M25,31,rz1,nb,4,12,0.0,6
M25,31,rz2,b,4,11,0.9090909090909091,6
M25,31,rz2,nb,4,9,0.1111111111111111,6
M25,31,rz1,b,5,13,1.0,6
M25,31,rz1,nb,5,7,0.0,6
M25,31,rz2,b,5,8,0.875,6
M25,31,rz2,nb,5,12,0.0,6
M25,31,rz1,b,6,5,1.0,6
M25,31,rz1,nb,6,1,0.0,6
M26,20,rz1,b,0,1,1.0,1
M26,20,rz1,nb,0,4,0.0,1
M26,20,rz2,b,0,7,0.8571428571428571,1
M26,20,rz2,nb,0,13,0.23076923076923078,1
M26,20,rz1,b,1,11,0.8181818181818182,1
M26,20,rz1,nb,1,9,0.8888888888888888,1
M26,20,rz2,b,1,8,0.75,1
M26,20,rz2,nb,1,12,0.5833333333333334,1
M26,20,rz1,b,2,8,0.75,1
M26,20,rz1,nb,2,12,0.25,1
M26,20,rz2,b,2,14,0.8571428571428571,1
M26,20,rz2,nb,2,6,0.6666666666666666,1
M26,20,rz1,b,3,10,0.6,1
M26,20,rz1,nb,3,10,0.8,1
M26,20,rz2,b,3,12,0.75,1
M26,20,rz2,nb,3,8,0.75,1
M26,20,rz1,b,4,13,0.6153846153846154,1
M26,20,rz1,nb,4,7,0.5714285714285714,1
M26,20,rz2,b,4,9,0.6666666666666666,1
M26,20,rz2,nb,4,11,0.2727272727272727,1
M26,20,rz1,b,5,11,0.6363636363636364,1
M26,20,rz1,nb,5,9,0.2222222222222222,1
M26,20,rz2,b,5,8,0.875,1
M26,20,rz2,nb,5,12,0.16666666666666666,1
M26,20,rz1,b,6,12,0.75,1
M26,20,rz1,nb,6,8,0.5,1
M26,20,rz2,b,6,8,0.75,1
M26,20,rz2,nb,6,12,0.08333333333333333,1
M26,20,rz1,b,7,1,1.0,1
M26,20,rz1,nb,7,2,0.0,1
M26,21,rz1,b,0,4,1.0,2
M26,21,rz1,nb,0,4,0.5,2
M26,21,rz2,b,0,11,1.0,2
M26,21,rz2,nb,0,9,0.1111111111111111,2
M26,21,rz1,b,1,10,1.0,2
M26,21,rz1,nb,1,10,0.8,2
M26,21,rz2,b,1,16,0.9375,2
M26,21,rz2,nb,1,4,0.5,2
M26,21,rz1,b,2,10,0.7,2
M26,21,rz1,nb,2,10,1.0,2
M26,21,rz2,b,2,12,0.75,2
M26,21,rz2,nb,2,8,0.875,2
M26,21,rz1,b,3,8,0.75,2
M26,21,rz1,nb,3,12,0.75,2
M26,21,rz2,b,3,10,0.8,2
M26,21,rz2,nb,3,10,0.6,2
M26,21,rz1,b,4,6,0.5,2
M26,21,rz1,nb,4,14,0.2857142857142857,2
M26,21,rz2,b,4,7,0.8571428571428571,2
M26,21,rz2,nb,4,13,0.3076923076923077,2
M26,21,rz1,b,5,6,1.0,2
M26,21,rz1,nb,5,14,0.2857142857142857,2
M26,21,rz2,b,5,8,0.625,2
M26,21,rz2,nb,5,12,0.0,2
M26,21,rz1,b,6,11,0.5454545454545454,2
M26,21,rz1,nb,6,9,0.1111111111111111,2
M26,21,rz2,b,6,12,0.75,2
M26,21,rz2,nb,6,8,0.25,2
M26,21,rz1,b,7,1,0.0,2
M26,21,rz1,nb,7,2,0.0,2
M26,22,rz1,b,0,5,1.0,3
M26,22,rz1,nb,0,2,0.0,3
M26,22,rz2,b,0,9,1.0,3
M26,22,rz2,nb,0,11,0.09090909090909091,3
M26,22,rz1,b,1,12,0.75,3
M26,22,rz1,nb,1,8,0.5,3
M26,22,rz2,b,1,8,1.0,3
M26,22,rz2,nb,1,12,0.0,3
M26,22,rz1,b,2,10,0.6,3
M26,22,rz1,nb,2,10,0.6,3
M26,22,rz2,b,2,11,0.6363636363636364,3
M26,22,rz2,nb,2,9,0.8888888888888888,3
M26,22,rz1,b,3,11,0.45454545454545453,3
M26,22,rz1,nb,3,9,0.8888888888888888,3
M26,22,rz2,b,3,12,1.0,3
M26,22,rz2,nb,3,8,0.75,3
M26,22,rz1,b,4,13,0.9230769230769231,3
M26,22,rz1,nb,4,7,0.8571428571428571,3
M26,22,rz2,b,4,10,0.7,3
M26,22,rz2,nb,4,10,0.5,3
M26,22,rz1,b,5,11,0.5454545454545454,3
M26,22,rz1,nb,5,9,0.4444444444444444,3
M26,22,rz2,b,5,10,0.5,3
M26,22,rz2,nb,5,10,0.0,3
M26,22,rz1,b,6,3,0.6666666666666666,3
M26,22,rz1,nb,6,9,0.0,3
M26,23,rz1,b,0,11,0.8181818181818182,4
M26,23,rz1,nb,0,9,0.0,4
M26,23,rz2,b,0,12,1.0,4
M26,23,rz2,nb,0,8,0.0,4
M26,23,rz1,b,1,9,1.0,4
M26,23,rz1,nb,1,11,1.0,4
M26,23,rz2,b,1,8,1.0,4
M26,23,rz2,nb,1,12,0.8333333333333334,4
M26,23,rz1,b,2,14,1.0,4
M26,23,rz1,nb,2,6,1.0,4
M26,23,rz2,b,2,13,0.9230769230769231,4
M26,23,rz2,nb,2,7,0.5714285714285714,4
M26,23,rz1,b,3,12,0.9166666666666666,4
M26,23,rz1,nb,3,8,0.625,4
M26,23,rz2,b,3,11,0.9090909090909091,4
M26,23,rz2,nb,3,9,0.2222222222222222,4
M26,23,rz1,b,4,1,1.0,4
M26,23,rz1,nb,4,1,0.0,4
M26,24,rz1,b,0,2,1.0,5
M26,24,rz1,nb,0,2,0.0,5
M26,24,rz2,b,0,12,1.0,5
M26,24,rz2,nb,0,8,0.125,5
M26,24,rz1,b,1,10,0.9,5
M26,24,rz1,nb,1,10,1.0,5
M26,24,rz2,b,1,11,1.0,5
M26,24,rz2,nb,1,9,1.0,5
M26,24,rz1,b,2,9,1.0,5
M26,24,rz1,nb,2,11,1.0,5
M26,24,rz2,b,2,11,1.0,5
M26,24,rz2,nb,2,9,1.0,5
M26,24,rz1,b,3,11,1.0,5
M26,24,rz1,nb,3,9,0.1111111111111111,5
M26,24,rz2,b,3,11,0.9090909090909091,5
M26,24,rz2,nb,3,9,0.1111111111111111,5
M26,24,rz1,b,4,10,1.0,5
M26,24,rz1,nb,4,10,0.4,5
M26,24,rz2,b,4,10,1.0,5
M26,24,rz2,nb,4,10,0.4,5
M26,24,rz1,b,5,9,1.0,5
M26,24,rz1,nb,5,11,0.5454545454545454,5
M26,24,rz2,b,5,9,1.0,5
M26,24,rz2,nb,5,11,0.5454545454545454,5
M26,24,rz1,b,6,5,0.8,5
M27,25,rz1,b,0,12,0.8333333333333334,1
M27,25,rz1,nb,0,8,0.25,1
M27,25,rz2,b,0,8,0.625,1
M27,25,rz2,nb,0,8,0.25,1
M27,25,rz1,b,1,10,0.9,1
M27,25,rz1,nb,1,10,0.8,1
M27,25,rz2,b,1,8,0.625,1
M27,25,rz2,nb,1,12,0.08333333333333333,1
M27,25,rz1,b,2,11,0.7272727272727273,1
M27,25,rz1,nb,2,9,0.7777777777777778,1
M27,25,rz2,b,2,11,0.9090909090909091,1
M27,25,rz2,nb,2,9,0.2222222222222222,1
M27,25,rz1,b,3,13,0.23076923076923078,1
M27,25,rz1,nb,3,7,0.14285714285714285,1
M27,25,rz2,b,3,12,0.6666666666666666,1
M27,25,rz2,nb,3,8,0.125,1
M27,25,rz1,b,4,11,0.7272727272727273,1
M27,25,rz1,nb,4,9,0.3333333333333333,1
M27,25,rz2,b,4,10,0.4,1
M27,25,rz2,nb,4,10,0.1,1
M27,25,rz1,b,5,8,0.75,1
M27,25,rz1,nb,5,12,0.08333333333333333,1
M27,25,rz2,b,5,10,0.1,1
M27,25,rz2,nb,5,10,0.1,1
M27,25,rz1,b,6,12,0.75,1
M27,25,rz1,nb,6,8,0.0,1
M27,25,rz2,b,6,15,0.13333333333333333,1
M27,25,rz2,nb,6,5,0.0,1
M27,25,rz1,b,7,9,0.3333333333333333,1
M27,25,rz1,nb,7,11,0.0,1
M27,25,rz2,b,7,11,0.0,1
M27,25,rz2,nb,7,9,0.1111111111111111,1
M27,25,rz1,b,8,2,0.0,1
M27,25,rz1,nb,8,1,0.0,1
M27,25,rz2,b,8,9,0.1111111111111111,1
M27,25,rz2,nb,8,11,0.0,1
M27,27,rz1,nb,0,2,0.0,2
M27,27,rz2,b,0,11,0.7272727272727273,2
M27,27,rz2,nb,0,9,0.1111111111111111,2
M27,27,rz1,b,1,10,0.8,2
M27,27,rz1,nb,1,10,0.1,2
M27,27,rz2,b,1,16,0.9375,2
M27,27,rz2,nb,1,4,0.25,2
M27,27,rz1,b,2,10,1.0,2
M27,27,rz1,nb,2,10,0.3,2
M27,27,rz2,b,2,12,1.0,2
M27,27,rz2,nb,2,8,0.125,2
M27,27,rz1,b,3,8,0.875,2
M27,27,rz1,nb,3,12,0.08333333333333333,2
M27,27,rz2,b,3,10,0.1,2
M27,27,rz2,nb,3,10,0.1,2
M27,27,rz1,b,4,6,0.16666666666666666,2
M27,27,rz1,nb,4,14,0.0,2
M27,27,rz2,b,4,7,0.0,2
M27,27,rz2,nb,4,13,0.07692307692307693,2
M27,27,rz1,b,5,6,0.16666666666666666,2
M27,27,rz1,nb,5,14,0.14285714285714285,2
M27,27,rz2,b,5,8,0.375,2
M27,27,rz2,nb,5,12,0.25,2
M27,27,rz1,b,6,11,0.5454545454545454,2
M27,27,rz1,nb,6,9,0.1111111111111111,2
M27,27,rz2,b,6,12,0.5833333333333334,2
M27,27,rz2,nb,6,8,0.125,2
M27,27,rz1,b,7,9,0.1111111111111111,2
M27,27,rz1,nb,7,11,0.09090909090909091,2
M27,27,rz2,b,7,9,0.0,2
M27,27,rz2,nb,7,11,0.0,2
M27,27,rz1,b,8,6,0.5,2
M27,27,rz1,nb,8,6,0.0,2
M27,28,rz1,b,0,5,1.0,3
M27,28,rz1,nb,0,3,0.0,3
M27,28,rz2,b,0,9,0.5555555555555556,3
M27,28,rz2,nb,0,11,0.09090909090909091,3
M27,28,rz1,b,1,12,1.0,3
M27,28,rz1,nb,1,8,0.375,3
M27,28,rz2,b,1,8,0.875,3
M27,28,rz2,nb,1,12,0.75,3
M27,28,rz1,b,2,10,1.0,3
M27,28,rz1,nb,2,10,0.6,3
M27,28,rz2,b,2,11,0.8181818181818182,3
M27,28,rz2,nb,2,9,0.4444444444444444,3
M27,28,rz1,b,3,11,1.0,3
M27,28,rz1,nb,3,9,0.2222222222222222,3
M27,28,rz2,b,3,12,0.6666666666666666,3
M27,28,rz2,nb,3,8,0.125,3
M27,28,rz1,b,4,13,0.9230769230769231,3
M27,28,rz1,nb,4,7,0.2857142857142857,3
M27,28,rz2,b,4,10,0.9,3
M27,28,rz2,nb,4,10,0.1,3
M27,28,rz1,b,5,11,1.0,3
M27,28,rz1,nb,5,9,0.2222222222222222,3
M27,28,rz2,b,5,10,0.7,3
M27,28,rz2,nb,5,10,0.0,3
M27,28,rz1,b,6,8,1.0,3
M27,28,rz1,nb,6,12,0.08333333333333333,3
M27,28,rz2,b,6,15,0.4,3
M27,28,rz2,nb,6,5,0.2,3
M27,28,rz1,b,7,12,1.0,3
M27,28,rz1,nb,7,8,0.0,3
M27,28,rz2,b,7,11,0.36363636363636365,3
M27,28,rz2,nb,7,9,0.0,3
M27,28,rz1,b,8,2,0.5,3
M27,28,rz1,nb,8,2,0.0,3
M27,29,rz1,b,0,9,1.0,4
M27,29,rz1,nb,0,11,0.0,4
M27,29,rz2,b,0,12,1.0,4
M27,29,rz2,nb,0,8,0.5,4
M27,29,rz1,b,1,10,1.0,4
M27,29,rz1,nb,1,10,0.9,4
M27,29,rz2,b,1,11,1.0,4
M27,29,rz2,nb,1,9,0.0,4
M27,29,rz1,b,2,9,1.0,4
M27,29,rz1,nb,2,11,0.18181818181818182,4
M27,29,rz2,b,2,11,1.0,4
M27,29,rz2,nb,2,9,0.4444444444444444,4
M27,29,rz1,b,3,11,1.0,4
M27,29,rz1,nb,3,9,0.6666666666666666,4
M27,29,rz2,b,3,11,1.0,4
M27,29,rz2,nb,3,9,0.3333333333333333,4
M27,29,rz1,b,4,10,1.0,4
M27,29,rz1,nb,4,10,0.0,4
M27,29,rz2,b,4,10,0.7,4
M27,29,rz2,nb,4,10,0.0,4
M27,29,rz1,b,5,9,1.0,4
M27,29,rz1,nb,5,11,0.18181818181818182,4
M27,29,rz2,b,5,9,0.8888888888888888,4
M27,29,rz2,nb,5,11,0.0,4
M27,29,rz1,b,6,13,1.0,4
M27,29,rz1,nb,6,7,0.14285714285714285,4
M27,29,rz2,b,6,9,0.6666666666666666,4
M27,29,rz2,nb,6,11,0.0,4
M27,29,rz1,b,7,9,1.0,4
M27,29,rz1,nb,7,11,0.09090909090909091,4
M27,29,rz2,b,7,13,0.38461538461538464,4
M27,29,rz2,nb,7,7,0.0,4
M27,29,rz1,b,8,1,1.0,4
M27,29,rz1,nb,8,2,0.0,4
M27,30,rz1,b,0,5,1.0,5
M27,30,rz1,nb,0,15,0.8666666666666667,5
M27,30,rz2,b,0,2,1.0,5
M27,30,rz2,nb,0,18,0.05555555555555555,5
M27,30,rz1,b,1,1,1.0,5
M27,30,rz1,nb,1,19,0.05263157894736842,5
M27,30,rz2,b,1,1,1.0,5
M27,30,rz2,nb,1,19,0.05263157894736842,5
M27,30,rz1,b,2,4,1.0,5
M27,30,rz1,nb,2,16,0.0625,5
M27,30,rz2,b,2,3,1.0,5
M27,30,rz2,nb,2,17,0.11764705882352941,5
M27,30,rz1,b,3,4,1.0,5
M27,30,rz1,nb,3,16,0.625,5
M27,30,rz2,b,3,3,1.0,5
M27,30,rz2,nb,3,17,0.17647058823529413,5
M27,30,rz1,b,4,3,1.0,5
M27,30,rz1,nb,4,17,0.23529411764705882,5
M27,30,rz2,b,4,5,0.8,5
M27,30,rz2,nb,4,15,0.13333333333333333,5
M27,30,rz1,b,5,2,1.0,5
M27,30,rz1,nb,5,18,0.16666666666666666,5
M27,30,rz2,b,5,4,1.0,5
M27,30,rz2,nb,5,16,0.0,5
M27,30,rz1,b,6,1,1.0,5
M27,30,rz1,nb,6,8,0.5,5
M28,24,rz1,b,0,8,1.0,1
M28,24,rz1,nb,0,12,0.8333333333333334,1
M28,24,rz2,b,0,7,0.7142857142857143,1
M28,24,rz2,nb,0,13,1.0,1
M28,24,rz1,b,1,11,1.0,1
M28,24,rz1,nb,1,9,1.0,1
M28,24,rz2,b,1,8,1.0,1
M28,24,rz2,nb,1,12,0.9166666666666666,1
M28,24,rz1,b,2,8,0.75,1
M28,24,rz1,nb,2,12,0.75,1
M28,24,rz2,b,2,14,0.6428571428571429,1
M28,24,rz2,nb,2,6,0.16666666666666666,1
M28,24,rz1,b,3,2,0.5,1
M28,26,rz1,b,0,10,0.9,2
M28,26,rz1,nb,0,10,0.7,2
M28,26,rz2,b,0,11,1.0,2
M28,26,rz2,nb,0,9,0.5555555555555556,2
M28,26,rz1,b,1,10,0.6,2
M28,26,rz1,nb,1,10,0.2,2
M28,26,rz2,b,1,16,1.0,2
M28,26,rz2,nb,1,4,1.0,2
M28,26,rz1,b,2,10,1.0,2
M28,26,rz1,nb,2,10,1.0,2
M28,26,rz2,b,2,12,1.0,2
M28,26,rz2,nb,2,8,1.0,2
M28,26,rz1,b,3,8,0.75,2
M28,26,rz1,nb,3,12,0.3333333333333333,2
M28,26,rz2,b,3,1,0.0,2
M28,27,rz1,b,0,13,1.0,3
M28,27,rz1,nb,0,7,0.14285714285714285,3
M28,27,rz2,b,0,9,1.0,3
M28,27,rz2,nb,0,11,0.8181818181818182,3
M28,27,rz1,b,1,12,0.6666666666666666,3
M28,27,rz1,nb,1,8,0.5,3
M28,27,rz2,b,1,8,0.875,3
M28,27,rz2,nb,1,12,0.75,3
M28,27,rz1,b,2,10,0.7,3
M28,27,rz1,nb,2,10,0.5,3
M28,27,rz2,b,2,11,1.0,3
M28,27,rz2,nb,2,9,0.0,3
M28,27,rz1,b,3,1,0.0,3
M28,28,rz1,b,0,11,0.8181818181818182,4
M28,28,rz1,nb,0,9,0.6666666666666666,4
M28,28,rz2,b,0,12,0.75,4
M28,28,rz2,nb,0,8,0.375,4
M28,28,rz1,b,1,9,0.4444444444444444,4
M28,28,rz1,nb,1,11,0.7272727272727273,4
M28,28,rz2,b,1,8,0.625,4
M28,28,rz2,nb,1,12,0.5833333333333334,4
M28,28,rz1,b,2,14,0.7142857142857143,4
M28,28,rz1,nb,2,6,0.3333333333333333,4
M28,28,rz2,b,2,13,0.5384615384615384,4
M28,28,rz2,nb,2,7,0.42857142857142855,4
M28,28,rz1,b,3,1,1.0,4
M28,29,rz1,b,0,9,0.6666666666666666,5
M28,29,rz1,nb,0,11,0.36363636363636365,5
M28,29,rz2,b,0,12,0.4166666666666667,5
M28,29,rz2,nb,0,8,0.375,5
M28,29,rz1,b,1,10,0.9,5
M28,29,rz1,nb,1,10,0.9,5
M28,29,rz2,b,1,11,1.0,5
M28,29,rz2,nb,1,9,0.6666666666666666,5
M28,29,rz1,b,2,9,0.7777777777777778,5
M28,29,rz1,nb,2,11,0.45454545454545453,5
M28,29,rz2,b,2,11,0.9090909090909091,5
M28,29,rz2,nb,2,9,0.4444444444444444,5
M28,29,rz1,b,3,11,0.6363636363636364,5
M28,29,rz1,nb,3,9,0.2222222222222222,5
M28,29,rz2,b,3,1,1.0,5
M29,24,rz1,b,0,8,0.875,1
M29,24,rz1,nb,0,12,0.75,1
M29,24,rz2,b,0,7,1.0,1
M29,24,rz2,nb,0,13,1.0,1
M29,24,rz1,b,1,11,1.0,1
M29,24,rz1,nb,1,9,1.0,1
M29,24,rz2,b,1,8,1.0,1
M29,24,rz2,nb,1,12,1.0,1
M29,24,rz1,b,2,8,1.0,1
M29,24,rz1,nb,2,12,0.9166666666666666,1
M29,24,rz2,b,2,14,1.0,1
M29,24,rz2,nb,2,6,1.0,1
M29,24,rz1,b,3,10,0.9,1
M29,24,rz1,nb,3,10,0.5,1
M29,26,rz1,b,0,10,1.0,2
M29,26,rz1,nb,0,10,1.0,2
M29,26,rz2,b,0,11,1.0,2
M29,26,rz2,nb,0,9,1.0,2
M29,26,rz1,b,1,10,1.0,2
M29,26,rz1,nb,1,10,0.8,2
M29,26,rz2,b,1,16,0.9375,2
M29,26,rz2,nb,1,4,1.0,2
M29,26,rz1,b,2,10,1.0,2
M29,26,rz1,nb,2,10,1.0,2
M29,26,rz2,b,2,12,1.0,2
M29,26,rz2,nb,2,8,1.0,2
M29,26,rz1,b,3,8,0.625,2
M29,26,rz1,nb,3,12,0.5,2
M29,26,rz2,b,3,7,0.7142857142857143,2
M29,26,rz2,nb,3,7,0.42857142857142855,2
M29,27,rz1,b,0,13,0.9230769230769231,3
M29,27,rz1,nb,0,7,1.0,3
M29,27,rz2,b,0,9,1.0,3
M29,27,rz2,nb,0,11,1.0,3
M29,27,rz1,b,1,12,0.9166666666666666,3
M29,27,rz1,nb,1,8,0.5,3
M29,27,rz2,b,1,8,0.875,3
M29,27,rz2,nb,1,12,0.6666666666666666,3
M29,27,rz1,b,2,10,0.6,3
M29,27,rz1,nb,2,10,0.1,3
M29,27,rz2,b,2,11,1.0,3
M29,27,rz2,nb,2,9,0.4444444444444444,3
M29,27,rz1,b,3,11,0.6363636363636364,3
M29,27,rz1,nb,3,9,0.3333333333333333,3
M29,27,rz2,b,3,12,0.3333333333333333,3
M29,27,rz2,nb,3,8,0.375,3
M29,27,rz1,b,4,1,1.0,3
M29,28,rz1,b,0,11,0.9090909090909091,4
M29,28,rz1,nb,0,9,0.5555555555555556,4
M29,28,rz2,b,0,12,0.9166666666666666,4
M29,28,rz2,nb,0,8,0.5,4
M29,28,rz1,b,1,9,0.8888888888888888,4
M29,28,rz1,nb,1,11,0.45454545454545453,4
M29,28,rz2,b,1,8,1.0,4
M29,28,rz2,nb,1,12,0.8333333333333334,4
M29,28,rz1,b,2,14,1.0,4
M29,28,rz1,nb,2,6,0.6666666666666666,4
M29,28,rz2,b,2,13,0.6923076923076923,4
M29,28,rz2,nb,2,7,0.42857142857142855,4
M29,28,rz1,b,3,1,0.0,4
M29,29,rz1,b,0,9,1.0,5
M29,29,rz1,nb,0,11,1.0,5
M29,29,rz2,b,0,12,1.0,5
M29,29,rz2,nb,0,8,1.0,5
M29,29,rz1,b,1,10,1.0,5
M29,29,rz1,nb,1,10,1.0,5
M29,29,rz2,b,1,11,1.0,5
M29,29,rz2,nb,1,9,1.0,5
M29,29,rz1,b,2,9,0.5555555555555556,5
M29,29,rz1,nb,2,11,0.5454545454545454,5
M29,29,rz2,b,2,11,1.0,5
M29,29,rz2,nb,2,9,0.8888888888888888,5
M29,29,rz1,b,3,11,1.0,5
M29,29,rz1,nb,3,9,0.8888888888888888,5
M29,29,rz2,b,3,11,1.0,5
M29,29,rz2,nb,3,9,1.0,5
M29,29,rz1,b,4,10,0.7,5
M29,29,rz1,nb,4,10,0.9,5
M29,29,rz2,b,4,10,0.9,5
M29,29,rz2,nb,4,10,0.6,5
M29,29,rz1,b,5,1,0.0,5
