mouse,day,context,block_within_context,pc1_var,day_rank
M22,42,rz1,0,0.25639332682483573,1
M22,42,rz2,0,0.22023344931494032,1
M22,42,rz1,1,0.24492126451004725,1
M22,42,rz2,1,0.23435538437759257,1
M22,42,rz1,2,0.22092379649743601,1
M22,42,rz2,2,0.23656229730034722,1
M22,42,rz1,3,0.2722217046993099,1
M22,42,rz2,3,0.25794729038391867,1
M22,42,rz1,4,0.25764767141964356,1
M22,42,rz2,4,0.23384665344730116,1
M22,42,rz1,5,0.2471407936877991,1
M22,43,rz1,0,0.23464741267002484,2
M22,43,rz2,0,0.2848640308473839,2
M22,43,rz1,1,0.29035854925547794,2
M22,43,rz2,1,0.27801410497250306,2
M22,43,rz1,2,0.25267802908574166,2
M22,43,rz2,2,0.19610112725378534,2
M22,43,rz1,3,0.23654157220885058,2
M22,43,rz2,3,0.27734552116107186,2
M22,43,rz1,4,0.22922604858013315,2
M22,43,rz2,4,0.2634232804783993,2
M22,45,rz2,0,0.22364523325639654,3
M22,45,rz1,1,0.2504927224554329,3
M22,45,rz2,1,0.30999802166017376,3
M22,45,rz1,2,0.3072725767269018,3
M22,45,rz2,2,0.24043568723929257,3
M22,45,rz1,3,0.29455458827674014,3
M22,45,rz2,3,0.2222121960315906,3
M22,45,rz1,4,0.3096750056160448,3
M22,45,rz2,4,0.2791496531202611,3
M22,45,rz1,5,0.24112297355604664,3
M22,45,rz2,5,0.24061688164769804,3
M22,46,rz2,0,0.22756040211234396,4
M22,46,rz1,1,0.26068518607391233,4
M22,46,rz2,1,0.28057157800901256,4
M22,46,rz1,2,0.3046777579733234,4
M22,46,rz2,2,0.2509871054331952,4
M22,46,rz1,3,0.27432855376013837,4
M22,46,rz2,3,0.2743393693480957,4
M22,46,rz1,4,0.2757988157304971,4
M22,46,rz2,4,0.2398342755075121,4
M22,46,rz1,5,0.2437410877583924,4
M22,46,rz2,5,0.2636420368473282,4
M22,46,rz1,6,1.0,4
M25,26,rz2,0,0.3558142722979553,1
M25,26,rz1,1,0.261348820539454,1
M25,26,rz2,1,0.35725004080235084,1
M25,26,rz1,2,0.3153806734512925,1
M25,26,rz2,2,0.3511380113226376,1
M25,26,rz1,3,0.34140611999476256,1
M25,26,rz2,3,0.34523945596353517,1
M25,26,rz1,4,0.31811948555574493,1
M25,26,rz2,4,0.32824525363088736,1
M25,27,rz1,0,0.28364637320873953,2
M25,27,rz2,0,0.25829534506359336,2
M25,27,rz1,1,0.2739824137314338,2
M25,27,rz2,1,0.3451424922210357,2
M25,27,rz1,2,0.26733698448348775,2
M25,27,rz2,2,0.2829957929592441,2
M25,27,rz1,3,0.2565938074209835,2
M25,27,rz2,3,0.27807466369570516,2
M25,27,rz1,4,0.2660916239016112,2
M25,27,rz2,4,0.25473279844778063,2
M25,27,rz1,5,0.24898975069542592,2
M25,27,rz2,5,0.34249348986250006,2
M25,28,rz1,0,0.32082891244847983,3
M25,28,rz2,0,0.303373761048945,3
M25,28,rz1,1,0.3496935996535276,3
M25,28,rz2,1,0.3308700045025746,3
M25,28,rz1,2,0.29823706334211036,3
M25,28,rz2,2,0.31203373475667023,3
M25,28,rz1,3,0.3153309875220267,3
M25,28,rz2,3,0.35637672039966345,3
M25,28,rz1,4,0.3776906632261755,3
M25,28,rz2,4,0.3397419973083682,3
M25,29,rz1,0,0.27797226561481453,4
M25,29,rz2,0,0.24783314437037274,4
M25,29,rz1,1,0.26104692698356474,4
M25,29,rz2,1,0.2777461046265121,4
M25,29,rz1,2,0.29116291906684594,4
M25,29,rz2,2,0.2756763055206777,4
M25,29,rz1,3,0.24943019432024657,4
M25,29,rz2,3,0.25702681255481136,4
M25,29,rz1,4,0.27086948234731906,4
M25,29,rz2,4,0.28367333966041597,4
M25,30,rz2,0,0.3641387098421813,5
M25,30,rz1,1,0.3581617841769159,5
M25,30,rz2,1,0.37505955718405654,5
M25,30,rz1,2,0.42935338351987173,5
M25,30,rz2,2,0.3642515592050187,5
M25,30,rz1,3,0.3261399707910388,5
M25,30,rz2,3,0.3166817883352008,5
M25,30,rz1,4,0.3241554831975788,5
M25,30,rz2,4,0.32353885571642094,5
M25,30,rz1,5,1.0,5
M25,31,rz1,0,0.4125482046782621,6
M25,31,rz2,0,0.322920840285242,6
M25,31,rz1,1,0.32576478025115546,6
M25,31,rz2,1,0.28588991667502295,6
M25,31,rz1,2,0.32736951045827756,6
M25,31,rz2,2,0.3442044672000827,6
M25,31,rz1,3,0.29084323606077994,6
M25,31,rz2,3,0.28638388691193206,6
M25,31,rz1,4,0.26081710798529545,6
M25,31,rz2,4,0.29212067029545713,6
M25,31,rz1,5,0.28751056570680944,6
M25,31,rz2,5,0.34573369667082876,6
M26,20,rz2,0,0.33791701156616505,1
M26,20,rz1,1,0.36009791708029465,1
M26,20,rz2,1,0.3076418376592523,1
M26,20,rz1,2,0.31109161574874644,1
M26,20,rz2,2,0.2548897816785238,1
M26,20,rz1,3,0.3566079063602319,1
M26,20,rz2,3,0.3022582431172188,1
M26,20,rz1,4,0.3401685312167358,1
M26,20,rz2,4,0.2767326834323906,1
M26,20,rz1,5,0.2659150108073872,1
M26,20,rz2,5,0.3194995558628593,1
M26,20,rz1,6,0.2703210009226506,1
M26,20,rz2,6,0.2811104116068134,1
M26,21,rz2,0,0.30338156769589003,2
M26,21,rz1,1,0.3064756947994785,2
M26,21,rz2,1,0.34353198369390897,2
M26,21,rz1,2,0.35116777404161387,2
M26,21,rz2,2,0.3244991026517899,2
M26,21,rz1,3,0.30160996082320046,2
M26,21,rz2,3,0.2807110782658021,2
M26,21,rz1,4,0.27294507860157785,2
M26,21,rz2,4,0.28740614188969377,2
M26,21,rz1,5,0.31753072721105535,2
M26,21,rz2,5,0.316961179329113,2
M26,21,rz1,6,0.3152590957564995,2
M26,21,rz2,6,0.2997796201325307,2
M26,22,rz2,0,0.3534248261786836,3
M26,22,rz1,1,0.34348432562699815,3
M26,22,rz2,1,0.37270040075305005,3
M26,22,rz1,2,0.3130087325201268,3
M26,22,rz2,2,0.3222362588336251,3
M26,22,rz1,3,0.36081071767891276,3
M26,22,rz2,3,0.30637026167957254,3
M26,22,rz1,4,0.3549880595135704,3
M26,22,rz2,4,0.30028534486137776,3
M26,22,rz1,5,0.3310761547238526,3
M26,22,rz2,5,0.31533893019719816,3
M26,22,rz1,6,1.0,3
M26,23,rz1,0,0.2825472118288693,4
M26,23,rz2,0,0.2881273660533363,4
M26,23,rz1,1,0.30521911294651727,4
M26,23,rz2,1,0.3004009958217316,4
M26,23,rz1,2,0.32793840671209407,4
M26,23,rz2,2,0.26169445806075775,4
M26,23,rz1,3,0.2779491139202734,4
M26,23,rz2,3,0.2923509114389746,4
M26,24,rz2,0,0.36255295902516826,5
M26,24,rz1,1,0.3670515647292803,5
M26,24,rz2,1,0.38057816403955796,5
M26,24,rz1,2,0.402315957870042,5
M26,24,rz2,2,0.2961280067922577,5
M26,24,rz1,3,0.3128465760263198,5
M26,24,rz2,3,0.299708250234346,5
M26,24,rz1,4,0.2972189906306863,5
M26,24,rz2,4,0.28868510924473234,5
M26,24,rz1,5,0.3388585590241773,5
M26,24,rz2,5,0.2982013256406501,5
M27,25,rz2,0,0.26827894720270373,1
M27,25,rz1,0,0.2543398113174491,1
M27,25,rz2,1,0.24103016474765102,1
M27,25,rz1,1,0.27151619916922537,1
M27,25,rz2,2,0.2063800945069228,1
M27,25,rz1,2,0.25876462894325164,1
M27,25,rz2,3,0.21994560503894942,1
M27,25,rz1,3,0.20587313718957467,1
M27,25,rz2,4,0.1998240994061184,1
M27,25,rz1,4,0.23493640516837935,1
M27,25,rz2,5,0.2111388541283026,1
M27,25,rz1,5,0.2110527564843373,1
M27,25,rz2,6,0.20491696831130354,1
M27,25,rz1,6,0.25673698928607247,1
M27,25,rz2,7,0.26039083695451765,1
M27,25,rz1,7,0.24085064365684858,1
M27,25,rz2,8,0.22896680853033227,1
M27,27,rz2,0,0.24224898691364355,2
M27,27,rz1,1,0.20954480776531165,2
M27,27,rz2,1,0.22989803353972835,2
M27,27,rz1,2,0.23744834951156066,2
M27,27,rz2,2,0.23336545466229702,2
M27,27,rz1,3,0.25083154592451673,2
M27,27,rz2,3,0.21317653219870672,2
M27,27,rz1,4,0.23275145689340007,2
M27,27,rz2,4,0.25217760168195585,2
M27,27,rz1,5,0.20536815434691627,2
M27,27,rz2,5,0.25564041073099963,2
M27,27,rz1,6,0.22095960567559209,2
M27,27,rz2,6,0.20028162187819934,2
M27,27,rz1,7,0.21865317661926018,2
M27,27,rz2,7,0.22180520827728664,2
M27,27,rz1,8,0.3665902482091284,2
M27,28,rz2,0,0.22038063828121346,3
M27,28,rz1,1,0.20392345294050396,3
M27,28,rz2,1,0.2282791104831643,3
M27,28,rz1,2,0.2276824800398605,3
M27,28,rz2,2,0.1985935250300658,3
M27,28,rz1,3,0.2264658179627394,3
M27,28,rz2,3,0.21501126569800483,3
M27,28,rz1,4,0.23541331657184092,3
M27,28,rz2,4,0.25745856520240756,3
M27,28,rz1,5,0.21540970315673963,3
M27,28,rz2,5,0.21964159204310782,3
M27,28,rz1,6,0.232377044785458,3
M27,28,rz2,6,0.2244053879249537,3
M27,28,rz1,7,0.22138335361202516,3
M27,28,rz2,7,0.22256012930787222,3
M27,29,rz1,0,0.29271337186399676,4
M27,29,rz2,0,0.2701373693151085,4
M27,29,rz1,1,0.3854352135934936,4
M27,29,rz2,1,0.30392067542278445,4
M27,29,rz1,2,0.30159063527421337,4
M27,29,rz2,2,0.28438822197812236,4
M27,29,rz1,3,0.4103280539291859,4
M27,29,rz2,3,0.30809924394389143,4
M27,29,rz1,4,0.31799536554219227,4
M27,29,rz2,4,0.34019677498706685,4
M27,29,rz1,5,0.35016814939066976,4
M27,29,rz2,5,0.30433670652334566,4
M27,29,rz1,6,0.28828463731778414,4
M27,29,rz2,6,0.3235634529530689,4
M27,29,rz1,7,0.28710812373356154,4
M27,29,rz2,7,0.3486006474238644,4
M27,30,rz1,0,0.26582340743929966,5
M27,30,rz2,0,0.2147551146998318,5
M27,30,rz1,1,0.2360629574090752,5
M27,30,rz2,1,0.23666976998432518,5
M27,30,rz1,2,0.23020799078457915,5
M27,30,rz2,2,0.23132767802660922,5
M27,30,rz1,3,0.26596316403601417,5
M27,30,rz2,3,0.22764480278768132,5
M27,30,rz1,4,0.22491195209206724,5
M27,30,rz2,4,0.21742182789589307,5
M27,30,rz1,5,0.23232717927785948,5
M27,30,rz2,5,0.22264127296448916,5
M28,24,rz1,0,0.32622128406625134,1
M28,24,rz2,0,0.36756947660680184,1
M28,24,rz1,1,0.45637471141806496,1
M28,24,rz2,1,0.415985958721049,1
M28,24,rz1,2,0.2952974225611268,1
M28,24,rz2,2,0.3222952282328824,1
M28,26,rz1,0,0.354189383935992,2
M28,26,rz2,0,0.30226217202364764,2
M28,26,rz1,1,0.3534161326359556,2
M28,26,rz2,1,0.4057664354481108,2
M28,26,rz1,2,0.4418698265991639,2
M28,26,rz2,2,0.31005548094554725,2
M28,26,rz1,3,0.35315887905059473,2
M28,27,rz1,0,0.35688996283316365,3
M28,27,rz2,0,0.40198544674577624,3
M28,27,rz1,1,0.30804516849591357,3
M28,27,rz2,1,0.28934900528159974,3
M28,27,rz1,2,0.3795310606712279,3
M28,27,rz2,2,0.30206990029538944,3
M28,28,rz1,0,0.33218266459741447,4
M28,28,rz2,0,0.34256279193983397,4
M28,28,rz1,1,0.3250195469446334,4
M28,28,rz2,1,0.3322369993566799,4
M28,28,rz1,2,0.3285272546761323,4
M28,28,rz2,2,0.28946592279888356,4
M28,29,rz1,0,0.3241984274266802,5
M28,29,rz2,0,0.3133897283433811,5
M28,29,rz1,1,0.3637314488973112,5
M28,29,rz2,1,0.3942492057882777,5
M28,29,rz1,2,0.3191399851195364,5
M28,29,rz2,2,0.30123393878090166,5
M28,29,rz1,3,0.2890957631397784,5
M29,24,rz1,0,0.36873223882369843,1
M29,24,rz2,0,0.4383837924836912,1
M29,24,rz1,1,0.41743737023862404,1
M29,24,rz2,1,0.4370403683798559,1
M29,24,rz1,2,0.41861242248973257,1
M29,24,rz2,2,0.4314155412322696,1
M29,24,rz1,3,0.30687493818129447,1
M29,26,rz1,0,0.40020511169837175,2
M29,26,rz2,0,0.42168570890609763,2
M29,26,rz1,1,0.4187761474273105,2
M29,26,rz2,1,0.3974710078236572,2
M29,26,rz1,2,0.41594144757249457,2
M29,26,rz2,2,0.3685134033187955,2
M29,26,rz1,3,0.35873843835627006,2
M29,26,rz2,3,0.4872384737051556,2
M29,27,rz1,0,0.38379913759742457,3
M29,27,rz2,0,0.45109448149090525,3
M29,27,rz1,1,0.4115361345101453,3
M29,27,rz2,1,0.37993257458602775,3
M29,27,rz1,2,0.3524989670882145,3
M29,27,rz2,2,0.34893523914403457,3
M29,27,rz1,3,0.34999976673289107,3
M29,27,rz2,3,0.4277940231664796,3
M29,28,rz1,0,0.3691226514816642,4
M29,28,rz2,0,0.3195928812997553,4
M29,28,rz1,1,0.3098007385182114,4
M29,28,rz2,1,0.3619854953418045,4
M29,28,rz1,2,0.29032432099941297,4
M29,28,rz2,2,0.2919159284879975,4
M29,29,rz1,0,0.4252545855837974,5
M29,29,rz2,0,0.3983209534421754,5
M29,29,rz1,1,0.39527553792944015,5
M29,29,rz2,1,0.40314633053166143,5
M29,29,rz1,2,0.36454320179251837,5
M29,29,rz2,2,0.37667356905224475,5
M29,29,rz1,3,0.3485417722816766,5
M29,29,rz2,3,0.33410319723531107,5
M29,29,rz1,4,0.38029306089545206,5
M29,29,rz2,4,0.25806721119975484,5
