unit,cls,agreement,mean_rate,frac_anchored
154,NGS,0.943,10.67,0.447
153,NGS,0.921,3.06,0.531
109,GC,0.909,5.79,0.519
97,NGS,0.906,3.73,0.522
138,NGS,0.906,6.02,0.459
174,NGS,0.903,18.69,0.475
81,NGS,0.899,3.98,0.503
71,NGS,0.893,2.54,0.403
145,NGS,0.881,3.14,0.453
123,NGS,0.877,11.53,0.582
137,NGS,0.874,28.27,0.522
106,NGS,0.855,1.83,0.421
107,GC,0.852,10.86,0.557
62,NGS,0.849,7.33,0.629
168,NGS,0.846,30.04,0.594
141,NGS,0.846,14.28,0.456
92,NGS,0.84,5.27,0.55
52,NGS,0.833,4.61,0.475
119,NGS,0.83,12.42,0.642
166,NGS,0.827,8.05,0.557
65,NGS,0.824,2.61,0.34
158,GC,0.821,9.06,0.613
126,NGS,0.821,1.68,0.368
170,NGS,0.821,9.91,0.638
77,NGS,0.811,6.66,0.44
99,GC,0.805,3.93,0.459
163,NGS,0.802,27.07,0.651
150,NGS,0.802,7.02,0.588
124,GC,0.802,7.1,0.462
133,NGS,0.802,2.35,0.425
94,NGS,0.796,4.41,0.607
42,NGS,0.792,4.47,0.566
93,NGS,0.789,15.12,0.664
128,NGS,0.786,5.21,0.535
75,NGS,0.783,6.93,0.657
127,NGS,0.783,12.84,0.594
161,GC,0.783,8.54,0.657
118,NGS,0.777,6.65,0.664
73,NGS,0.777,33.4,0.67
103,NGS,0.774,16.68,0.679
134,NGS,0.767,10.46,0.566
100,NGS,0.758,10.71,0.575
61,NGS,0.758,3.86,0.487
110,NGS,0.739,9.99,0.355
149,NGS,0.739,13.8,0.695
66,NGS,0.726,5.74,0.632
117,NGS,0.711,4.6,0.396
68,NGS,0.708,3.61,0.437
63,GC,0.698,12.83,0.717
58,NGS,0.695,8.23,0.739
142,NGS,0.692,3.86,0.616
82,NGS,0.679,1.38,0.528
67,NGS,0.676,26.02,0.513
146,NGS,0.66,13.62,0.761
48,NGS,0.635,12.59,0.597
169,NGS,0.632,4.56,0.437
56,NGS,0.619,54.61,0.5
59,NGS,0.616,11.85,0.723
121,NGS,0.613,11.88,0.858
167,NGS,0.607,42.88,0.701
51,NGS,0.601,21.7,0.55
76,NGS,0.594,8.39,0.601
45,NGS,0.572,4.5,0.648
122,NGS,0.56,5.76,0.667
129,NGS,0.557,7.28,0.607
147,NGS,0.557,20.69,0.588
44,NGS,0.547,7.66,0.484
157,NGS,0.541,2.09,0.541
90,GC,0.528,1.01,0.126
116,NGS,0.516,1.24,0.0
143,NGS,0.516,1.42,0.0
135,NGS,0.516,5.09,0.0
70,NGS,0.509,0.33,0.063
131,NGS,0.506,0.53,0.11
160,NGS,0.497,1.75,0.767
85,NGS,0.491,1.13,0.164
139,NGS,0.484,20.34,1.0
156,NGS,0.484,9.41,1.0
130,NGS,0.484,29.27,1.0
171,NGS,0.484,12.14,1.0
148,NGS,0.484,16.72,1.0
47,NGS,0.484,6.65,1.0
84,NGS,0.484,51.64,1.0
108,GC,0.478,0.13,0.038
41,NGS,0.443,4.78,0.538
102,NGS,0.387,0.79,0.242
91,NGS,0.239,4.76,0.642
